{
  "experiment_id": "Genesis_Bridge_Jules_CC_Fusion",
  "timestamp": "2026-01-29",
  "fusion_protocol": {
    "phase_1": "Jules Topological Navigator (Fiedler Vector)",
    "phase_2": "CC Physics Verification (SECURE Metrics)",
    "phase_3": "QGPO Geometric Locking"
  },
  "system_config": {
    "n_modes": 56,
    "topology": "Watts-Strogatz Small-World (k=6, p=0.3)",
    "threshold": 80.0
  },
  "jules_solution": {
    "phases": {
      "mode_0": 1.901370690930323,
      "mode_1": 2.00173370313834,
      "mode_2": 1.935500821314773,
      "mode_3": 1.18616392295678,
      "mode_4": 1.0889115473374964,
      "mode_5": 1.0560030538246776,
      "mode_6": 0.9559076712545893,
      "mode_7": 2.441761097098282,
      "mode_8": 1.5899381231728196,
      "mode_9": 1.6494477856405503,
      "mode_10": 2.3932826182281697,
      "mode_11": 1.845381731372698,
      "mode_12": 2.033641348554845,
      "mode_13": 2.41395277188473,
      "mode_14": 2.033015128983728,
      "mode_15": 1.7076508811235303,
      "mode_16": 1.72746899415779,
      "mode_17": 2.4162267155626207,
      "mode_18": 2.663895389136689,
      "mode_19": 2.599409786591238,
      "mode_20": 2.4933376055034886,
      "mode_21": 2.421854969305368,
      "mode_22": 2.3556290945527154,
      "mode_23": 2.4233804332846405,
      "mode_24": 2.299060521221674,
      "mode_25": 2.408275616001062,
      "mode_26": 1.9773448484712104,
      "mode_27": 2.62379973451715,
      "mode_28": 2.943475072911941,
      "mode_29": 2.996780774179708,
      "mode_30": 3.8220176276069484,
      "mode_31": 3.8387792949281145,
      "mode_32": 3.9017491698147073,
      "mode_33": 4.055980539898075,
      "mode_34": 3.2711745276279225,
      "mode_35": 2.474992849261556,
      "mode_36": 2.556250999202284,
      "mode_37": 2.857383113039637,
      "mode_38": 3.0534241423596917,
      "mode_39": 3.244481626397045,
      "mode_40": 3.1350797082747888,
      "mode_41": 3.3292154375182252,
      "mode_42": 3.2782410306914183,
      "mode_43": 3.1238640442904995,
      "mode_44": 3.2555690638700128,
      "mode_45": 2.8841724921992813,
      "mode_46": 2.419793749614709,
      "mode_47": 2.322937454434836,
      "mode_48": 1.9623274617530935,
      "mode_49": 1.919264822203416,
      "mode_50": 2.0018687905047323,
      "mode_51": 1.8903961627626886,
      "mode_52": 2.501212376442339,
      "mode_53": 2.697165741199643,
      "mode_54": 2.5453294180568666,
      "mode_55": 3.220366941696852,
      "mode_56": 3.283171760064952,
      "mode_57": 4.4832488133042805,
      "mode_58": 4.624408487618381,
      "mode_59": 4.597416515614226,
      "mode_60": 4.533353159220883,
      "mode_61": 4.836256551558799,
      "mode_62": 4.404992484810493,
      "mode_63": 3.943543807760435,
      "mode_64": 4.108862648140722,
      "mode_65": 3.7598034718767623,
      "mode_66": 2.881023722982795,
      "mode_67": 3.3415501332781776,
      "mode_68": 3.2544120752280623,
      "mode_69": 3.523754297517785,
      "mode_70": 3.0210063011087116,
      "mode_71": 3.3841243900465945,
      "mode_72": 3.0500006890355227,
      "mode_73": 2.8457089216455205,
      "mode_74": 2.6960118764077747,
      "mode_75": 2.599984956840478,
      "mode_76": 3.0011010184442783,
      "mode_77": 3.6016405729562684,
      "mode_78": 3.8980498098916603,
      "mode_79": 3.2468794142744564,
      "mode_80": 2.426927831642186,
      "mode_81": 2.5473020579143104,
      "mode_82": 3.081256187751688,
      "mode_83": 2.3512554760992197,
      "mode_84": 2.0978799104592123,
      "mode_85": 3.203015558949331,
      "mode_86": 2.617629931202951,
      "mode_87": 4.0247956398417095,
      "mode_88": 4.1929560429090404,
      "mode_89": 4.2897695276895,
      "mode_90": 4.423780251705512,
      "mode_91": 5.68301958046483,
      "mode_92": 5.514599917232586,
      "mode_93": 5.427486283435967,
      "mode_94": 6.283185307179586,
      "mode_95": 5.251959421411072,
      "mode_96": 5.725492086640296,
      "mode_97": 4.079563061615396,
      "mode_98": 4.669265310421745,
      "mode_99": 4.2103302286251925,
      "mode_100": 3.3845907942621167,
      "mode_101": 2.4164642473840336,
      "mode_102": 1.6998453958518722,
      "mode_103": 1.7107524966463663,
      "mode_104": 1.800699305789202,
      "mode_105": 1.2552599440081051,
      "mode_106": 0.1807332893935906,
      "mode_107": 0.6448176177373303,
      "mode_108": 0.671230043804149,
      "mode_109": 0.37711248545858844,
      "mode_110": 0.0,
      "mode_111": 0.4802608834355353,
      "mode_112": 0.00032501168413853114,
      "mode_113": 0.6989564942261602,
      "mode_114": 0.3536761972572741,
      "mode_115": 0.7562378175115156,
      "mode_116": 0.6556455143527871,
      "mode_117": 0.6630311376503303,
      "mode_118": 0.9643017715622564,
      "mode_119": 1.4970631221613986,
      "mode_120": 1.4624901344902692,
      "mode_121": 2.3855464569356566,
      "mode_122": 3.384670058307072,
      "mode_123": 2.0317930601069603,
      "mode_124": 2.8631030300681957,
      "mode_125": 2.420489200029075,
      "mode_126": 2.730187327457151,
      "mode_127": 1.9709464675083028
    },
    "energy": -4.623612712373326,
    "secure_score": 0.4656112759298295,
    "secure_metrics": {
      "S": 0.25368518931273587,
      "E": 0.8740473836749902,
      "C": 0.45588324153677934,
      "U": 0.26010137953830625,
      "R": 0.3984375,
      "E2": 0.551512961516165
    }
  },
  "final_solution": {
    "phases": {
      "mode_0": 1.9027115344946932,
      "mode_1": 2.0321149896007906,
      "mode_2": 1.93549881240917,
      "mode_3": 1.1889381975166013,
      "mode_4": 1.1012282312604416,
      "mode_5": 1.0580267297381845,
      "mode_6": 0.9563973799887157,
      "mode_7": 2.441869962374118,
      "mode_8": 1.589994077569736,
      "mode_9": 1.6588957411644316,
      "mode_10": 2.382917103423373,
      "mode_11": 1.8760303623141161,
      "mode_12": 2.0733662578616188,
      "mode_13": 2.3973164496163584,
      "mode_14": 2.035794830002423,
      "mode_15": 1.7235471997640908,
      "mode_16": 1.732508809164841,
      "mode_17": 2.4190083147516948,
      "mode_18": 2.659428758774211,
      "mode_19": 2.599755839508397,
      "mode_20": 2.524295695257888,
      "mode_21": 2.421769039708171,
      "mode_22": 2.357098684443739,
      "mode_23": 2.426515045953357,
      "mode_24": 2.2997752359020427,
      "mode_25": 2.406040409177168,
      "mode_26": 1.977564052037517,
      "mode_27": 2.6239427018474744,
      "mode_28": 2.946006595348159,
      "mode_29": 3.0006750312938673,
      "mode_30": 3.742204194750308,
      "mode_31": 3.826982062783448,
      "mode_32": 3.8948285846316213,
      "mode_33": 4.041475483755146,
      "mode_34": 3.2831642331738835,
      "mode_35": 2.475771806223789,
      "mode_36": 2.554046625103657,
      "mode_37": 2.9439886964575375,
      "mode_38": 3.0462943140276852,
      "mode_39": 3.1904851547375785,
      "mode_40": 3.1936974297178096,
      "mode_41": 3.225618361012052,
      "mode_42": 3.22683434814358,
      "mode_43": 3.1012567655809593,
      "mode_44": 3.2431599187934905,
      "mode_45": 2.8758619207712792,
      "mode_46": 2.4882504254561137,
      "mode_47": 2.3286516284410745,
      "mode_48": 1.998351526178344,
      "mode_49": 1.9301138038044414,
      "mode_50": 2.0020139507211634,
      "mode_51": 1.8949624502558196,
      "mode_52": 2.4977248452490453,
      "mode_53": 2.697082603781634,
      "mode_54": 2.5524144024056854,
      "mode_55": 3.2203373059589753,
      "mode_56": 3.283171760064952,
      "mode_57": 4.4832488133042805,
      "mode_58": 4.624408487618381,
      "mode_59": 4.597416515614226,
      "mode_60": 4.533353159220883,
      "mode_61": 4.836256551558799,
      "mode_62": 4.404992484810493,
      "mode_63": 3.943543807760435,
      "mode_64": 4.108862648140722,
      "mode_65": 3.7598034718767623,
      "mode_66": 2.881023722982795,
      "mode_67": 3.3415501332781776,
      "mode_68": 3.2544120752280623,
      "mode_69": 3.523754297517785,