{
  "experiment_id": "Genesis_Bridge_Jules_CC_Fusion",
  "timestamp": "2026-01-29",
  "fusion_protocol": {
    "phase_1": "Jules Topological Navigator (Fiedler Vector)",
    "phase_2": "CC Physics Verification (SECURE Metrics)",
    "phase_3": "QGPO Geometric Locking"
  },
  "system_config": {
    "n_modes": 56,
    "topology": "Watts-Strogatz Small-World (k=6, p=0.3)",
    "threshold": 80.0
  },
  "jules_solution": {
    "phases": {
      "mode_0": 3.4951282759252424,
      "mode_1": 5.495792501671405,
      "mode_2": 4.456477208925451,
      "mode_3": 6.283185307179586,
      "mode_4": 5.490607557415547,
      "mode_5": 5.642498466007341,
      "mode_6": 4.279064801401906,
      "mode_7": 5.582036356369499,
      "mode_8": 4.136739145049313,
      "mode_9": 4.826013968653734,
      "mode_10": 4.658622289349697,
      "mode_11": 4.831235340590218,
      "mode_12": 4.167931868374882,
      "mode_13": 5.298525419469149,
      "mode_14": 4.276117781373689,
      "mode_15": 3.2755317736208727,
      "mode_16": 5.827087645323859,
      "mode_17": 4.32428484610557,
      "mode_18": 6.075778890256046,
      "mode_19": 5.074622601273585,
      "mode_20": 2.8064482396694355,
      "mode_21": 3.5765365348381626,
      "mode_22": 2.7311361551757347,
      "mode_23": 1.520248178443715,
      "mode_24": 0.9388555155791253,
      "mode_25": 1.5110329752741871,
      "mode_26": 0.1508631939611055,
      "mode_27": 1.1032093537980965,
      "mode_28": 0.31664007421320706,
      "mode_29": 0.0,
      "mode_30": 0.09103568909585578,
      "mode_31": 1.5778869318765847,
      "mode_32": 0.48573279017989596,
      "mode_33": 1.0093292731619783,
      "mode_34": 0.6640449202258473,
      "mode_35": 0.9746645547767734,
      "mode_36": 1.9129173996033928,
      "mode_37": 2.2504175562305297,
      "mode_38": 2.005562557365877,
      "mode_39": 2.43854618114961,
      "mode_40": 3.3141960359370963,
      "mode_41": 3.442349984763392,
      "mode_42": 2.4498767135713666,
      "mode_43": 3.934564910807801,
      "mode_44": 3.275359695499406,
      "mode_45": 3.5128150085131713,
      "mode_46": 1.0661840161189455,
      "mode_47": 0.9319298288913782,
      "mode_48": 2.511512840174625,
      "mode_49": 0.42219653128415335,
      "mode_50": 1.6532646507103943,
      "mode_51": 1.934351897019178,
      "mode_52": 2.674893443201102,
      "mode_53": 3.1499298069722497,
      "mode_54": 2.8058602177753835,
      "mode_55": 4.459016585366278
    },
    "energy": -3.2380946580001173,
    "secure_score": 0.40462506104142976,
    "secure_metrics": {
      "S": 0.3138492319006257,
      "E": 0.8551180419872635,
      "C": 0.04453288320026525,
      "U": 0.09743603089459452,
      "R": 0.4642857142857143,
      "E2": 0.6525284639801155
    }
  },
  "final_solution": {
    "phases": {
      "mode_0": 3.420972356675912,
      "mode_1": 5.500653915046188,
      "mode_2": 4.45889713678877,
      "mode_3": 5.810567063957439e-05,
      "mode_4": 5.52048367510556,
      "mode_5": 5.641842189626412,
      "mode_6": 4.277845908145448,
      "mode_7": 5.604984191171125,
      "mode_8": 4.135645788658879,
      "mode_9": 4.831925215919784,
      "mode_10": 4.569975914397995,
      "mode_11": 4.8313299526516404,
      "mode_12": 3.9344740276357486,
      "mode_13": 5.3030776857136175,
      "mode_14": 4.256297995321443,
      "mode_15": 3.350924814197965,
      "mode_16": 5.826861753238021,
      "mode_17": 4.292368678463372,
      "mode_18": 6.076821294722761,
      "mode_19": 5.074375087753297,
      "mode_20": 2.9084321218758182,
      "mode_21": 3.570878718656693,
      "mode_22": 2.848072897666482,
      "mode_23": 1.528069140651656,
      "mode_24": 0.9234017795956575,
      "mode_25": 1.5085207039660302,
      "mode_26": 0.15274190874246188,
      "mode_27": 1.0669088605495045,
      "mode_28": 0.30126621662366726,
      "mode_29": 1.6100723273959616e-05,
      "mode_30": 0.0948642400795323,
      "mode_31": 1.5677188310255918,
      "mode_32": 0.48519377168594185,
      "mode_33": 1.0073747190343294,
      "mode_34": 0.6687657944213791,
      "mode_35": 0.9785011942910509,
      "mode_36": 1.9334082736325207,
      "mode_37": 2.2999809533478177,
      "mode_38": 2.013439762998515,
      "mode_39": 2.461266029977467,
      "mode_40": 3.410093694150102,
      "mode_41": 3.3432217437174754,
      "mode_42": 2.6986676296183685,
      "mode_43": 3.9304100971097027,
      "mode_44": 3.1412361208686645,
      "mode_45": 3.399112201300926,
      "mode_46": 1.0359461396222234,
      "mode_47": 0.9129625422224333,
      "mode_48": 2.507189839638767,
      "mode_49": 0.4213374710660225,
      "mode_50": 1.716411895421822,
      "mode_51": 1.9352048312180195,
      "mode_52": 2.6763997967719853,
      "mode_53": 3.141589029567843,
      "mode_54": 2.8103124411116696,
      "mode_55": 4.458446513105894
    },
    "energy": -3.455776882213764,
    "secure_score": 0.4215412753304372,
    "secure_metrics": {
      "S": 0.31637024497035865,
      "E": 0.8520576265950203,
      "C": 0.053892232386690206,
      "U": 0.19299006100957738,
      "R": 0.4642857142857143,
      "E2": 0.6496517727352623
    },
    "improvement": {
      "energy_delta": -0.2176822242136467,
      "secure_delta": 0.01691621428900747
    }
  },
  "evolution": [
    {
      "iteration": 0,
      "energy": -3.2380946580001173,
      "secure": {
        "S": 0.3138492319006257,
        "E": 0.8551180419872635,
        "C": 0.04453288320026525,
        "U": 0.09743603089459452,
        "R": 0.4642857142857143,
        "E2": 0.6525284639801155
      }
    },
    {
      "iteration": 1,
      "energy": -3.263232628264787,
      "secure": {
        "S": 0.31417994156071993,
        "E": 0.8548746205510378,
        "C": 0.04551071475456596,
        "U": 0.10987018444113095,
        "R": 0.4642857142857143,
        "E2": 0.652209073620579
      }
    },
    {
      "iteration": 2,
      "energy": -3.2858090734780503,
      "secure": {
        "S": 0.3144738487637637,
        "E": 0.8546466558571352,
        "C": 0.04641982452764639,
        "U": 0.12087880108777349,
        "R": 0.4642857142857143,
        "E2": 0.651924238974785
      }
    },
    {
      "iteration": 3,
      "energy": -3.306208545968034,
      "secure": {
        "S": 0.3147348310568576,
        "E": 0.8544255675898735,
        "C": 0.04726465862149314,
        "U": 0.13065446288948546,
        "R": 0.4642857142857143,
        "E2": 0.651667763099821
      }
    },
    {
      "iteration": 4,
      "energy": -3.324725306197596,
      "secure": {
        "S": 0.3149664516104332,
        "E": 0.854203508491734,
        "C": 0.04804880924924319,
        "U": 0.13934881250691977,
        "R": 0.4642857142857143,
        "E2": 0.651434735178551
      }
    },
    {
      "iteration": 5,
      "energy": -3.3415812484418788,
      "secure": {
        "S": 0.3151718736713492,
        "E": 0.8539836910020951,
        "C": 0.04877522903054527,
        "U": 0.14708243257247244,
        "R": 0.4642857142857143,
        "E2": 0.6512214415975717
      }
    },
    {
      "iteration": 6,
      "energy": -3.3569441329380227,
      "secure": {
        "S": 0.31535386775253044,
        "E": 0.8537688051784764,
        "C": 0.049446399756102974,
        "U": 0.1539545010625536,
        "R": 0.4642857142857143,
        "E2": 0.6510251674985438
      }
    },
    {
      "iteration": 7,
      "energy": -3.3709422676177345,
      "secure": {
        "S": 0.3155148503150551,
        "E": 0.8535611025836496,
        "C": 0.0500644544599191,
        "U": 0.16004984983958548,
        "R": 0.4642857142857143,
        "E2": 0.6508439919855484
      }
    },
    {
      "iteration": 8,
      "energy": -3.3836753155485138,
      "secure": {
        "S": 0.3156569288606218,
        "E": 0.8533624692901366,
        "C": 0.05063126106535885,
        "U": 0.16544322199894834,
        "R": 0.4642857142857143,
        "E2": 0.6506766092000034
      }
    },
    {
      "iteration": 9,